{
    "mae": {
        "CO2_ppm": 149.45791962641047,
        "PM2.5_gm": 17.468257914652057,
        "TVOC_ppb": 112.16891100693711,
        "Temperature_C": 2.4995511889189572,
        "Humidity_": 9.930587219281119
    },
    "rmse": {
        "CO2_ppm": 172.73617760041316,
        "PM2.5_gm": 20.1848521876827,
        "TVOC_ppb": 129.7853544784275,
        "Temperature_C": 2.885870372837364,
        "Humidity_": 11.479014830424441
    },
    "mape": {
        "CO2_ppm": 23.336467957339018,
        "PM2.5_gm": 84.05994028583441,
        "TVOC_ppb": 67.632319180088,
        "Temperature_C": 11.132079935672422,
        "Humidity_": 21.72042642886923
    },
    "accuracy": {
        "CO2_ppm": 86.66353204266099,
        "PM2.5_gm": 75.940059714165585,
        "TVOC_ppb": 72.367680819911996,
        "Temperature_C": 88.86792006432758,
        "Humidity_": 78.27957357113077
    },
    "r2": {
        "CO2_ppm": 0.003135952479787596,
        "PM2.5_gm": -0.0012616479770310995,
        "TVOC_ppb": 0.0012839995269655624,
        "Temperature_C": 0.0006475259498552877,
        "Humidity_": 0.000817598715962653
    }
}