{
    "mae": {
        "CO2_ppm": 149.5879155125162,
        "PM2.5_gm": 17.48167126927369,
        "TVOC_ppb": 112.42749899296537,
        "Temperature_C": 2.5142762175135087,
        "Humidity_": 9.935135715763902
    },
    "rmse": {
        "CO2_ppm": 172.91135320251436,
        "PM2.5_gm": 20.2093300713278,
        "TVOC_ppb": 130.33558776032461,
        "Temperature_C": 2.907717951049025,
        "Humidity_": 11.487686204862722
    },
    "mape": {
        "CO2_ppm": 23.220800157392862,
        "PM2.5_gm": 85.19931399098427,
        "TVOC_ppb": 64.74444320458875,
        "Temperature_C": 11.043099837547652,
        "Humidity_": 21.626539484691786
    },
    "accuracy": {
        "CO2_ppm": 76.77919984260714,
        "PM2.5_gm": 64.800686009015735,
        "TVOC_ppb": 75.25555679541125,
        "Temperature_C": 88.95690016245234,
        "Humidity_": 88.37346051530821
    },
    "r2": {
        "CO2_ppm": 0.005171589139066457,
        "PM2.5_gm": -0.0036915520066267415,
        "TVOC_ppb": 0.009792011167372605,
        "Temperature_C": 0.01585574718712368,
        "Humidity_": 0.0023302271383343065
    }
}