{
    "mae": {
        "CO2_ppm": 149.33111999205596,
        "PM2.5_gm": 17.488510370694144,
        "TVOC_ppb": 112.27093455509211,
        "Temperature_C": 2.5002564452533136,
        "Humidity_": 9.947716928778284
    },
    "rmse": {
        "CO2_ppm": 172.71926251847574,
        "PM2.5_gm": 20.218323575391025,
        "TVOC_ppb": 129.91100163211615,
        "Temperature_C": 2.8904642334605746,
        "Humidity_": 11.507998916334163
    },
    "mape": {
        "CO2_ppm": 23.9129878975403,
        "PM2.5_gm": 85.89546898119188,
        "TVOC_ppb": 69.4818405321771,
        "Temperature_C": 11.229154074168306,
        "Humidity_": 22.018180706090664
    },
    "accuracy": {
        "CO2_ppm": 86.0870121024597,
        "PM2.5_gm": 74.104531018808117,
        "TVOC_ppb": 80.518159467822898,
        "Temperature_C": 88.7708459258317,
        "Humidity_": 87.98181929390934
    },
    "r2": {
        "CO2_ppm": 0.0029394991800830716,
        "PM2.5_gm": -0.004585071241518079,
        "TVOC_ppb": 0.0032236541763432935,
        "Temperature_C": 0.003835814680301919,
        "Humidity_": 0.005878033862643628
    }
}